matriz,linhas,colunas,versao,trabalhadores,repeticao,tempo_ms,objetos,resultado_correto
1000x1000,1000,1000,sequencial,1,1,20.441788,45472,true
1000x1000,1000,1000,sequencial,1,2,18.051196,45472,true
1000x1000,1000,1000,sequencial,1,3,18.152542,45472,true
1000x1000,1000,1000,sequencial,1,4,16.318845,45472,true
1000x1000,1000,1000,sequencial,1,5,16.486259,45472,true
1000x1000,1000,1000,paralela,2,1,15.041442,45472,true
1000x1000,1000,1000,paralela,2,2,11.934990,45472,true
1000x1000,1000,1000,paralela,2,3,11.190327,45472,true
1000x1000,1000,1000,paralela,2,4,11.855718,45472,true
1000x1000,1000,1000,paralela,2,5,11.658616,45472,true
1000x1000,1000,1000,paralela,3,1,9.360532,45472,true
1000x1000,1000,1000,paralela,3,2,9.393659,45472,true
1000x1000,1000,1000,paralela,3,3,9.671125,45472,true
1000x1000,1000,1000,paralela,3,4,9.448670,45472,true
1000x1000,1000,1000,paralela,3,5,9.579770,45472,true
1000x1000,1000,1000,paralela,4,1,8.335428,45472,true
1000x1000,1000,1000,paralela,4,2,8.490808,45472,true
1000x1000,1000,1000,paralela,4,3,11.413484,45472,true
1000x1000,1000,1000,paralela,4,4,11.334315,45472,true
1000x1000,1000,1000,paralela,4,5,8.381658,45472,true
2000x2000,2000,2000,sequencial,1,1,66.934815,181340,true
2000x2000,2000,2000,sequencial,1,2,66.759176,181340,true
2000x2000,2000,2000,sequencial,1,3,61.243211,181340,true
2000x2000,2000,2000,sequencial,1,4,61.482281,181340,true
2000x2000,2000,2000,sequencial,1,5,60.903961,181340,true
2000x2000,2000,2000,paralela,2,1,58.032398,181340,true
2000x2000,2000,2000,paralela,2,2,44.225935,181340,true
2000x2000,2000,2000,paralela,2,3,43.298798,181340,true
2000x2000,2000,2000,paralela,2,4,46.648327,181340,true
2000x2000,2000,2000,paralela,2,5,46.700245,181340,true
2000x2000,2000,2000,paralela,3,1,37.071719,181340,true
2000x2000,2000,2000,paralela,3,2,35.835097,181340,true
2000x2000,2000,2000,paralela,3,3,35.523488,181340,true
2000x2000,2000,2000,paralela,3,4,36.496254,181340,true
2000x2000,2000,2000,paralela,3,5,49.798963,181340,true
2000x2000,2000,2000,paralela,4,1,46.854896,181340,true
2000x2000,2000,2000,paralela,4,2,46.826629,181340,true
2000x2000,2000,2000,paralela,4,3,32.458871,181340,true
2000x2000,2000,2000,paralela,4,4,37.665354,181340,true
2000x2000,2000,2000,paralela,4,5,37.628004,181340,true
4000x4000,4000,4000,sequencial,1,1,292.157382,724346,true
4000x4000,4000,4000,sequencial,1,2,262.573981,724346,true
4000x4000,4000,4000,sequencial,1,3,267.101964,724346,true
4000x4000,4000,4000,sequencial,1,4,250.118505,724346,true
4000x4000,4000,4000,sequencial,1,5,253.335545,724346,true
4000x4000,4000,4000,paralela,2,1,291.410604,724346,true
4000x4000,4000,4000,paralela,2,2,264.113133,724346,true
4000x4000,4000,4000,paralela,2,3,249.244790,724346,true
4000x4000,4000,4000,paralela,2,4,257.399647,724346,true
4000x4000,4000,4000,paralela,2,5,210.847446,724346,true
4000x4000,4000,4000,paralela,3,1,192.891105,724346,true
4000x4000,4000,4000,paralela,3,2,186.442389,724346,true
4000x4000,4000,4000,paralela,3,3,205.182916,724346,true
4000x4000,4000,4000,paralela,3,4,196.140627,724346,true
4000x4000,4000,4000,paralela,3,5,203.388182,724346,true
4000x4000,4000,4000,paralela,4,1,235.889589,724346,true
4000x4000,4000,4000,paralela,4,2,197.156193,724346,true
4000x4000,4000,4000,paralela,4,3,184.956338,724346,true
4000x4000,4000,4000,paralela,4,4,186.586252,724346,true
4000x4000,4000,4000,paralela,4,5,189.605800,724346,true
